id,trait,build,population,sex,author,year,consortium,pmid,sample_size,ncase,ncontrol,nsnp,category,unit,mr,note
ukb-b-8463,Back pain for 3+ months,HG19/GRCh37,European,Males and Females,Ben Elsworth,2018,MRC-IEU,,117404,80588,36816,9851867,Binary,SD,1,3571: Output from GWAS pipeline using Phesant derived variables from UKBiobank
ukb-b-8906,Knee pain for 3+ months,HG19/GRCh37,European,Males and Females,Ben Elsworth,2018,MRC-IEU,,97889,76910,20979,9851867,Binary,SD,1,3773: Output from GWAS pipeline using Phesant derived variables from UKBiobank
ukb-b-13092,Headaches for 3+ months,HG19/GRCh37,European,Males and Females,Ben Elsworth,2018,MRC-IEU,,91269,41719,49550,9851867,Binary,SD,1,3799: Output from GWAS pipeline using Phesant derived variables from UKBiobank
ukb-b-16118,Neck/shoulder pain for 3+ months,HG19/GRCh37,European,Males and Females,Ben Elsworth,2018,MRC-IEU,,105396,72887,32509,9851867,Binary,SD,1,3404: Output from GWAS pipeline using Phesant derived variables from UKBiobank
ukb-b-133,Hip pain for 3+ months,HG19/GRCh37,European,Males and Females,Ben Elsworth,2018,MRC-IEU,,51516,40152,11364,9851867,Binary,SD,1,3414: Output from GWAS pipeline using Phesant derived variables from UKBiobank
ukb-b-19097,Stomach/abdominal pain for 3+ months,HG19/GRCh37,European,Males and Females,Ben Elsworth,2018,MRC-IEU,,38911,21711,17200,9851867,Binary,SD,1,3741: Output from GWAS pipeline using Phesant derived variables from UKBiobank
ukb-d-2956,General pain for 3+ months,HG19/GRCh37,European,Males and Females,Neale lab,2018,NA,,5473,4570,903,11884244,Binary,NA,1,NA
ukb-d-4067,Facial pains for 3+ months,HG19/GRCh37,European,Males and Females,Neale lab,2018,NA,,6510,3107,3403,11208821,Binary,NA,1,NA
ebi-a-GCST006572,Cognitive performance,HG19/GRCh37,European,NA,Lee JJ,2018,NA,30038396,257841,,,10066414,NA,NA,1,NA
ebi-a-GCST006250,Intelligence,HG19/GRCh37,European,NA,Savage JE,2018,NA,29942086,269867,,,9276181,NA,NA,1,NA
ieu-a-16,Childhood intelligence,HG19/GRCh37,European,Males and Females,Benyamin B,2014,SSGAC,23358156,12441,,,1380159,Risk factor,SD,1,
ieu-a-298,Alzheimer's disease,HG19/GRCh37,European,Males and Females,Lambert,2013,IGAP,24162737,74046,25580,48466,11633,Disease,log odds,1,Exposure only; Effect allele frequencies are missing; forward(+) strand
ieu-a-297,Alzheimer's disease,HG19/GRCh37,European,Males and Females,Lambert,2013,IGAP,24162737,54162,17008,37154,7055882,Disease,log odds,1,Effect allele frequencies are missing; forward(+) strand
ieu-b-2,Alzheimer's disease,HG19/GRCh37,European,Males and Females,Kunkle BW,2019,"Alzheimer Disease Genetics Consortium (ADGC), European Alzheimer's Disease Initiative (EADI), Cohorts for Heart and Aging Research in Genomic Epidemiology Consortium (CHARGE), Genetic and Environmental Risk in AD/Defining Genetic, Polygenic and Environmental Risk for Alzheimer's Disease Consortium (GERAD/PERADES),",30820047,63926,21982,41944,10528610,Binary,NA,1,NA
ieu-b-5067,Alzheimer's disease,HG19/GRCh37,European,Males and Females,Benjamin Woolf,2022,NA,,488285,954,487331,12321875,NA,NA,1,"GWAS created using BOLT-LMM, Pheno was algorithmically defined using the UKB. See https://www.mdpi.com/2072-6643/14/9/1697 for more details. Imputation panel: see https://doi.org/10.5523/bris.pnoat8cxo0u52p6ynfaekeigi"
finn-b-F5_DEMENTIA,Dementia,HG19/GRCh37,European,Males and Females,NA,2021,NA,,,7284,209487,16380463,Binary,NA,1,F5_DEMENTIA
ieu-b-102,Major depression,HG19/GRCh37,European,Males and Females,Howard DM,2019,PGC,30718901,,170756,329443,,Disease,NA,1,UKBiobank and PGC (excluding 23andme)
ebi-a-GCST90029070,C-reactive protein levels,HG19/GRCh37,European,NA,Said S,2022,NA,35459240,575531,,,10713245,NA,,1,
ukb-b-3957,Sleeplessness / insomnia,HG19/GRCh37,European,Males and Females,Ben Elsworth,2018,MRC-IEU,,462341,,,9851867,Categorical Ordered,SD,1,1200: Output from GWAS pipeline using Phesant derived variables from UKBiobank
ukb-b-4424,Sleep duration,HG19/GRCh37,European,Males and Females,Ben Elsworth,2018,MRC-IEU,,460099,,,9851867,Categorical Ordered,SD,1,1160: Output from GWAS pipeline using Phesant derived variables from UKBiobank
ieu-a-1088,Sleep duration,HG19/GRCh37,European,Males and Females,Jones,2016,UK Biobank,27494321,128266,,,16761226,Risk factor,SD,1,Results from interim Biobank release enriched for smokers; could lead to bias through collider issues in MR
ieu-a-755,Years of schooling,HG19/GRCh37,European,Males and Females,Rietveld CA,2014,SSGAC,25201988,106736,,,2281992,Risk factor,SD (years),1,Effect allele frequencies are missing
ieu-b-4877,smoking initiation,HG19/GRCh37,European,Males and Females,Liu M,2019,GSCAN,30643251,607291,311629,321173,11802365,Risk factor,NA,1,"sample_size corresponds to the median effective sample size across SNPs, while ncases correspond to maximum reported ever smokers and ncontrols correspond to maximum reported never smokers in supplementary tables; the maximum reported sample size was 632802"
ukb-b-19953,Body mass index (BMI),HG19/GRCh37,European,Males and Females,Ben Elsworth,2018,MRC-IEU,,461460,,,9851867,Continuous,SD,1,21001: Output from GWAS pipeline using Phesant derived variables from UKBiobank
MCP_Johnston2019,Multisite chronic pain (local file),NA,European (UKB),NA,Johnston KJA,2019,NA,31194737,387649,,,NA,Continuous,sites count,0,NOT IN OPENGWAS; local file chronic_pain-bgen.stats.gz (DOI 10.5525/gla.researchdata.822)
CWP_Rahman2021,Chronic widespread pain (local file),NA,European (UKB),NA,Rahman MS,2021,NA,33926923,249843,6914,242929,NA,Binary,NA,0,NOT IN OPENGWAS; GCST011779 fullPvalueSet=false; KP4CD/Rahman2021_Chronic_Widespead_MSK_Pain_EU
